____,App__,APP_____,https________,,,,,,,,,,,,,,,,,,,,
____,____,http://www.4001113900.com/dapp.html,0,,,,,,,,,,,,,,,,,,,,
,____,http://www.4001113900.com/dwg.html,0,,,,,,,,,,,,,,,,,,,,
,____,http://www.4001113900.com/dba.html,0,,,,,,,,,,,,,,,,,,,,
,___(zm),http://www.4001113900.com/dream.html   ,,,,,,,,,,,,,,,,,,,,,
___,___App,http://jnh.4001113900.com:8080/app/good/family.html ,,,,,,,,,,,,,,,,,,,,,
,___App,https://jnh.4001113900.com/app/good/dba.html,0,,,,,,,,,,,,,,,,,,,,
,___,https://jnh.4001113900.com/app/good/butler.html,0,,,,,,,,,,,,,,,,,,,,
__,____App,http://admin.xayfyfej.com/app/good/esmart.html,0,,,,,,,,,,,,,,,,,,,,
,____,http://admin.xayfyfej.com/app/good/butler.html,0,,,,,,,,,,,,,,,,,,,,
,____,http://admin.xayfyfej.com/app/good/dba.html,0,,,,,,,,,,,,,,,,,,,,
,__e_,http://114.55.43.113/app/good/ehome.html,0,,,,,,,,,,,,,,,,,,,,
,____,http://admin.xayfyfej.com/app/good/case.html,0,,,,,,,,,,,,,,,,,,,,
____,____,https://apiremain.uama.com.cn:447/dapp/dapp.html,,,,,,,,,,,,,,,,,,,,,
,____,https://apiremain.uama.com.cn:447/dapp/dwg.html,0,,,,,,,,,,,,,,,,,,,,
,____,https://apiremain.uama.com.cn:447/dapp/dzs.html,0,,,,,,,,,,,,,,,,,,,,
____,___App,http://cloud.uama.com.cn/app/download/esmart.html ,,,,,,,,,,,,,,,,,,,,,
,____,http://cloud.uama.com.cn/app/download/butler.html ,0,,,,,,,,,,,,,,,,,,,,
,____,http://cloud.uama.com.cn/app/download/dba.html ,0,,,,,,,,,,,,,,,,,,,,
____,__App,http://download.zjssst.com/app/page/ssxy.html,0,,,,,,,,,,,,,,,,,,,,
,____,http://download.zjssst.com/app/page/xygj.html,0,,,,,,,,,,,,,,,,,,,,
,____,http://download.zjssst.com/app/page/xysj.html,0,,,,,,,,,,,,,,,,,,,,
__(___),__App,https://download.gttis.com.cn/app/fdd.html,0,,,,,,,,,,,,,,,,,,,,
,____,https://download.gttis.com.cn/app/butler.html,0,,,,,,,,,,,,,,,,,,,,
,____,https://download.gttis.com.cn/app/dba.html,0,,,,,,,,,,,,,,,,,,,,
____,___App,__,0,,,,,,,,,,,,,,,,,,,,
,__App,https://app.huilaila.net/df_wgapp.html,0,,,,,,,,,,,,,,,,,,,,
____,___App,https://app.yidawuye.com/yd_app.html,0,,,,,,,,,,,,,,,,,,,,
,__App,https://app.yidawuye.com/yd_wgapp.html,0,,,,,,,,,,,,,,,,,,,,
,____,https://app.yidawuye.com/yd_sjapp.html,0,,,,,,,,,,,,,,,,,,,,
__,__APP,http://120.26.58.32/dapp.html,0,,,,,,,,,,,,,,,,,,,,
,____,http://120.26.58.32/dbutler.html ,0,,,,,,,,,,,,,,,,,,,,
,,,,,,,,,,,,,,,,,,,,,,,
,,,,,,,,,,,,,,,,,,,,,,,
,,,,,,,,,,,,,,,,,,,,,,,
,,,,,,,,,,,,,,,,,,,,,,,
,,,,,,,,,,,,,,,,,,,,,,,
,,,,,,,,,,,,,,,,,,,,,,,
,,,,,,,,,,,,,,,,,,,,,,,
,,,,,,,,,,,,,,,,,,,,,,,
,,,,,,,,,,,,,,,,,,,,,,,
,,,,,,,,,,,,,,,,,,,,,,,
,,,,,,,,,,,,,,,,,,,,,,,
,,,,,,,,,,,,,,,,,,,,,,,
,,,,,,,,,,,,,,,,,,,,,,,
,,,,,,,,,,,,,,,,,,,,,,,
,,,,,,,,,,,,,,,,,,,,,,,
,,,,,,,,,,,,,,,,,,,,,,,
,,,,,,,,,,,,,,,,,,,,,,,
,,,,,,,,,,,,,,,,,,,,,,,
,,,,,,,,,,,,,,,,,,,,,,,
,,,,,,,,,,,,,,,,,,,,,,,
,,,,,,,,,,,,,,,,,,,,,,,
,,,,,,,,,,,,,,,,,,,,,,,
,,,,,,,,,,,,,,,,,,,,,,,
,,,,,,,,,,,,,,,,,,,,,,,
,,,,,,,,,,,,,,,,,,,,,,,
,,,,,,,,,,,,,,,,,,,,,,,
,,,,,,,,,,,,,,,,,,,,,,,
,,,,,,,,,,,,,,,,,,,,,,,
,,,,,,,,,,,,,,,,,,,,,,,
,,,,,,,,,,,,,,,,,,,,,,,
,,,,,,,,,,,,,,,,,,,,,,,
,,,,,,,,,,,,,,,,,,,,,,,
,,,,,,,,,,,,,,,,,,,,,,,
,,,,,,,,,,,,,,,,,,,,,,,
,,,,,,,,,,,,,,,,,,,,,,,
,,,,,,,,,,,,,,,,,,,,,,,
,,,,,,,,,,,,,,,,,,,,,,,
,,,,,,,,,,,,,,,,,,,,,,,
,,,,,,,,,,,,,,,,,,,,,,,
,,,,,,,,,,,,,,,,,,,,,,,
,,,,,,,,,,,,,,,,,,,,,,,
,,,,,,,,,,,,,,,,,,,,,,,
,,,,,,,,,,,,,,,,,,,,,,,
,,,,,,,,,,,,,,,,,,,,,,,
,,,,,,,,,,,,,,,,,,,,,,,
,,,,,,,,,,,,,,,,,,,,,,,
,,,,,,,,,,,,,,,,,,,,,,,
,,,,,,,,,,,,,,,,,,,,,,,
,,,,,,,,,,,,,,,,,,,,,,,
,,,,,,,,,,,,,,,,,,,,,,,
,,,,,,,,,,,,,,,,,,,,,,,
,,,,,,,,,,,,,,,,,,,,,,,
,,,,,,,,,,,,,,,,,,,,,,,
,,,,,,,,,,,,,,,,,,,,,,,
,,,,,,,,,,,,,,,,,,,,,,,
,,,,,,,,,,,,,,,,,,,,,,,
,,,,,,,,,,,,,,,,,,,,,,,
,,,,,,,,,,,,,,,,,,,,,,,
,,,,,,,,,,,,,,,,,,,,,,,
,,,,,,,,,,,,,,,,,,,,,,,
,,,,,,,,,,,,,,,,,,,,,,,
,,,,,,,,,,,,,,,,,,,,,,,
,,,,,,,,,,,,,,,,,,,,,,,
,,,,,,,,,,,,,,,,,,,,,,,
,,,,,,,,,,,,,,,,,,,,,,,
,,,,,,,,,,,,,,,,,,,,,,,
,,,,,,,,,,,,,,,,,,,,,,,
,,,,,,,,,,,,,,,,,,,,,,,
,,,,,,,,,,,,,,,,,,,,,,,
,,,,,,,,,,,,,,,,,,,,,,,
,,,,,,,,,,,,,,,,,,,,,,,
,,,,,,,,,,,,,,,,,,,,,,,
,,,,,,,,,,,,,,,,,,,,,,,
,,,,,,,,,,,,,,,,,,,,,,,
,,,,,,,,,,,,,,,,,,,,,,,
,,,,,,,,,,,,,,,,,,,,,,,
,,,,,,,,,,,,,,,,,,,,,,,
,,,,,,,,,,,,,,,,,,,,,,,
,,,,,,,,,,,,,,,,,,,,,,,
,,,,,,,,,,,,,,,,,,,,,,,
,,,,,,,,,,,,,,,,,,,,,,,
,,,,,,,,,,,,,,,,,,,,,,,
,,,,,,,,,,,,,,,,,,,,,,,
,,,,,,,,,,,,,,,,,,,,,,,
,,,,,,,,,,,,,,,,,,,,,,,
,,,,,,,,,,,,,,,,,,,,,,,
,,,,,,,,,,,,,,,,,,,,,,,
,,,,,,,,,,,,,,,,,,,,,,,
,,,,,,,,,,,,,,,,,,,,,,,
,,,,,,,,,,,,,,,,,,,,,,,
,,,,,,,,,,,,,,,,,,,,,,,
,,,,,,,,,,,,,,,,,,,,,,,
,,,,,,,,,,,,,,,,,,,,,,,
,,,,,,,,,,,,,,,,,,,,,,,
,,,,,,,,,,,,,,,,,,,,,,,
,,,,,,,,,,,,,,,,,,,,,,,
,,,,,,,,,,,,,,,,,,,,,,,
,,,,,,,,,,,,,,,,,,,,,,,
,,,,,,,,,,,,,,,,,,,,,,,
,,,,,,,,,,,,,,,,,,,,,,,
,,,,,,,,,,,,,,,,,,,,,,,
,,,,,,,,,,,,,,,,,,,,,,,